{
  "bound_trajectory": {
    "steps": [
      0,
      25,
      50,
      75,
      100,
      125,
      150,
      175,
      200,
      225,
      250,
      275,
      300,
      325,
      350,
      375,
      400,
      425,
      450,
      475,
      499
    ],
    "values": [
      3.9133045183775748,
      3.748960660889348,
      3.6400331792378844,
      3.527971608798647,
      3.412027007853786,
      3.2883044951700984,
      3.1592946385046563,
      3.023895116345919,
      2.8788365167796903,
      2.724220100872596,
      2.5571267870666774,
      2.377587085171926,
      2.1840787567906714,
      1.9711248496987817,
      1.7351739467701708,
      1.4707778043406812,
      1.177049108650387,
      0.8507364964397776,
      0.5857655100819508,
      0.2732739789112816,
      0.2368785486860893
    ]
  },
  "final_decomposition": {
    "empirical_risk": 0.0023333333333333335,
    "mean_shift_kl_nats": 80.42582013743164,
    "variance_kl_nats": 24.991925766321614,
    "log_K_delta_nats": 4.605170185988092,
    "numerator_nats": 110.02291608974134,
    "slack": 0.23454521535275596,
    "total": 0.2368785486860893
  },
  "baseline_comparison": {
    "sgd_test_01": 0.002,
    "rademacher_bound": 1.0,
    "pac_bayes_bound": 0.2368785486860893
  },
  "best_prior_sigma2": 0.03,
  "prior_grid": [
    0.01,
    0.03,
    0.1,
    0.3,
    1.0
  ],
  "config": {
    "n_train": 1000,
    "n_test": 500,
    "hidden": 16,
    "adam_steps": 500,
    "K_final_mc": 3,
    "delta": 0.05
  }
}