{"N_test": [0, 1, 2, 3, 5, 8, 12], "MAML": [3.4613370642066004, 3.27887514308095, 3.138524316996336, 3.080427595227957, 3.110422184318304, 3.4520681530237196, 3.948778831213713], "FOMAML": [4.200931753218174, 4.141788171231747, 4.094260059297085, 4.054451230168342, 4.038008695840835, 4.285550856590271, 4.535998280346393], "Reptile": [4.248182368278504, 3.899496664851904, 3.7991691626608373, 3.793003173917532, 3.8919409990310667, 4.110057204961777, 4.34540953040123]}