{"K_ctx": [2, 4, 8, 12, 16, 20], "cnpNllMean": [1.4341292262077332, 1.0899062752723694, 1.0573145136237145, 0.9798869609832763, 0.9448114842176437, 0.8562924697995186], "cnpNllSE": [0.15982266944977327, 0.11621482562899492, 0.06020320757504593, 0.0627729560007752, 0.08867628395896236, 0.06937380236390388], "lnpNllMean": [1.378929515480995, 1.134101007282734, 1.1729749907553193, 1.1153786665946248, 1.041317678466439, 0.9914706782251594], "lnpNllSE": [0.12713928071847166, 0.08571602513624776, 0.06121174394058801, 0.08574469699301876, 0.0798398204440921, 0.05828696366794156]}