{"metadata":{"dataset":"diabetes (Efron-Hastie-Johnstone-Tibshirani 2004)","n":442,"p":10,"n_train":309,"n_test":133,"test_size":0.3,"feature_names":["age","sex","bmi","bp","s1","s2","s3","s4","s5","s6"],"seed":20260509,"pymc_version":"5.28.5","nuts_kwargs":{"draws":500,"tune":500,"chains":4,"cores":2,"target_accept":0.95,"progressbar":false,"return_inferencedata":true},"total_seconds":34.5},"methods":[{"name":"Ridge","test_ll_mean":-1.1082719694121657,"test_ll_se":0.001155789607623673,"ci_low":-1.1105623618437257,"ci_high":-1.1060132929588924,"divergences":0,"rhat_sigma":1.0036,"ess_sigma":2141,"beta_mean":[0.02566,-0.13456,0.28435,0.23568,-0.31011,0.11996,0.05258,0.19409,0.37699,0.03418],"beta_q05":[-0.04566,-0.20688,0.19977,0.16203,-0.80081,-0.29316,-0.1965,-0.00255,0.17166,-0.04502],"beta_q95":[0.09762,-0.06192,0.36406,0.30951,0.18548,0.53339,0.29859,0.3841,0.57553,0.10973],"color":"#7f7f7f","elapsed_seconds":5.2},{"name":"Horseshoe","test_ll_mean":-1.106411536722636,"test_ll_se":0.0010164825016825917,"ci_low":-1.1083205703697987,"ci_high":-1.1043921238631262,"divergences":47,"rhat_sigma":1.0031,"ess_sigma":2783,"beta_mean":[0.01253,-0.1054,0.28691,0.22367,-0.07631,-0.02958,-0.05579,0.11413,0.31307,0.02315],"beta_q05":[-0.039,-0.18225,0.20814,0.14651,-0.26371,-0.18784,-0.19232,-0.0202,0.20229,-0.03357],"beta_q95":[0.07378,-0.024,0.3687,0.30334,0.05985,0.11336,0.05375,0.28578,0.42793,0.09597],"color":"#1f4e79","elapsed_seconds":8.6},{"name":"Reg. horseshoe","test_ll_mean":-1.1070909739806793,"test_ll_se":0.0010260071878741505,"ci_low":-1.1090288302197455,"ci_high":-1.1050003292198651,"divergences":1,"rhat_sigma":1.0004,"ess_sigma":2059,"beta_mean":[0.01177,-0.09922,0.28555,0.22228,-0.06326,-0.02397,-0.06596,0.09265,0.31324,0.01998],"beta_q05":[-0.03614,-0.178,0.19629,0.14145,-0.22899,-0.16138,-0.18836,-0.02343,0.20456,-0.03178],"beta_q95":[0.07039,-0.01961,0.37219,0.30053,0.04929,0.09106,0.02977,0.26401,0.41916,0.08943],"color":"#3a6e3a","elapsed_seconds":8.9},{"name":"Spike-slab","test_ll_mean":-1.1229315703725236,"test_ll_se":0.0010428938077172837,"ci_low":-1.1249645517341358,"ci_high":-1.1209692362822439,"divergences":0,"rhat_sigma":1.0094,"ess_sigma":1335,"beta_mean":[0.00112,-0.02533,0.31089,0.2183,-0.01259,-0.00468,-0.05391,0.01421,0.33245,0.00104],"beta_q05":[-0.01587,-0.15628,0.22827,0.14302,-0.11381,-0.02107,-0.20624,-0.0144,0.24125,-0.01532],"beta_q95":[0.01778,0.00943,0.39484,0.28874,0.01287,0.01486,0.0107,0.12598,0.42741,0.01709],"color":"#7b3c10","elapsed_seconds":3.1},{"name":"R2-D2","test_ll_mean":-1.10865884565497,"test_ll_se":0.0010648390815914,"ci_low":-1.110775813527459,"ci_high":-1.1065945708527538,"divergences":0,"rhat_sigma":1.0023,"ess_sigma":2676,"beta_mean":[0.0142,-0.10054,0.28223,0.22084,-0.05347,-0.03368,-0.06818,0.09926,0.30143,0.02392],"beta_q05":[-0.03765,-0.17647,0.20065,0.14349,-0.19218,-0.16658,-0.18983,-0.01801,0.19946,-0.03143],"beta_q95":[0.07977,-0.02028,0.36477,0.29761,0.05519,0.07521,0.02873,0.2503,0.40148,0.09266],"color":"#2e7baa","elapsed_seconds":8.6}]}