{"n": 100, "x_train": [0.44790157127621044, 0.8866372948470919, 0.33052162041477273, 0.13732776858149898, 0.41989471699074843, 0.4192431152288565, 0.7105972891781389, 0.7807064142944146, 0.5995037239057801, 0.5833810174736058, 0.20332689788786396, 0.21861129654810263, 0.8182882709006444, 0.9151813455925675, 0.380364071372426, 0.8735755041552282, 0.3836603265331393, 0.8407306260505154, 0.2311804344983528, 0.5874149308288124, 0.03279928590223968, 0.8900011274705095, 0.9874637265271206, 0.6002960885392802, 0.7396441954819984, 0.38811135774779904, 0.804982093411716, 0.23973472041483113, 0.030247952195931238, 0.2324993607617586, 0.5715248722445907, 0.019757793809691893, 0.40289268908016385, 0.2605127554653688, 0.6259859880680265, 0.593153229820359, 0.7426501904709809, 0.34952486939708083, 0.32232287430099804, 0.821091975875559, 0.4280234506023467, 0.6205528243514724, 0.25041501940334876, 0.4571753158502142, 0.47387955669188575, 0.6493008122579698, 0.508685844252205, 0.26409924684399, 0.7753446206311932, 0.781633117773518, 0.22065321659860548, 0.4586627941062815, 0.14316807457118663, 0.37989560483085894, 0.6356328712644794, 0.07198166401314399, 0.222880220996181, 0.1659144607781492, 0.3300667593223032, 0.7353964263963243, 0.7012098654375514, 0.6305999448723175, 0.76963278917116, 0.12180291154246192, 0.0859598544769925, 0.6757417825221789, 0.14232173788572255, 0.6530937406858677, 0.9834434207508647, 0.2610738397994955, 0.8698950650336145, 0.3884887647951012, 0.4343672659425154, 0.6616893800261674, 0.6998076589131422, 0.827588354191043, 0.12821292983084454, 0.9935113877627549, 0.6466872763018849, 0.8582834769254145, 0.2770376103979635, 0.8609969149946496, 0.12927016771181943, 0.6888310391028267, 0.2849459688755701, 0.5004649351130149, 0.3296493876219011, 0.13871519795729614, 0.7423417146376555, 0.9097113556069293, 0.08851453841453594, 0.8238089328995072, 0.7515985705455089, 0.41279920860858843, 0.45741117123091, 0.11221964922010397, 0.7338494371919746, 0.5035041718395157, 0.8440309016411782, 0.9496366339759238], "y_train": [0.5850572737376976, -0.3206279242671636, 0.7632532477645391, 0.377353304951875, 0.45294648042303104, 0.6640638377803751, -0.9357399776871873, -1.5011279349885638, -0.6327126283783817, -0.7881953494293664, 0.5723305431203901, 1.0056950199385097, -1.4681699197098441, -0.7155237791415799, 0.5206666633419522, -0.8631825587981761, 0.8852570381749579, -1.4202903716282802, 0.8243140399797624, -0.41996467659557346, 0.5049982651001613, -0.6995694613130052, 0.39871343935534, -0.28211527008052484, -0.6376312457904891, 0.929915513251815, -1.2906028279525021, 1.1563928749933894, 0.09168223054662467, 0.8994795918551914, -0.30887143531762074, 0.5649288227564493, 0.530428690162434, 1.0883625820517877, -0.3004212534732478, -0.3863358336027368, -1.1465120746831887, 0.5700939316752921, 1.007770396248692, -1.2056018144325802, 0.5963565459178327, -0.2916053437864662, 1.1697380921865652, 0.23281374423111964, 0.39145964407431766, -0.23250182398023417, -0.5783606348239726, 1.0935548923096796, -1.473614316034614, -1.0466653486970028, 1.034910842921102, 0.2677841447979577, 0.294922862644452, 0.6841940323201323, -0.27774358868899385, 0.23653583691640126, 0.8608993203052668, 1.0328218739191535, 0.6787400766111409, -0.5933758678200554, -0.6855520338522666, -0.5761506080725922, -1.2323388796922012, 0.5110523111047782, 0.5527210082089908, -0.342647759454, 0.5518174652697609, -0.054525011538143375, 0.3760384355853455, 1.1207292426210436, -1.0656551092212803, 0.30343104478125543, 0.019926869582554463, -0.07516257211108557, -0.41648454884377684, -0.9208852280447503, 0.8089640603182437, 0.6335812492317558, -0.69484167482433, -1.217483204238288, 0.9422666182584558, -1.1329507925217441, 0.36779086312047193, -0.5371562790641257, 0.7873421889519236, -0.24635465713026528, 0.7196196103675403, 0.5788482758624363, -0.6647443598478904, -0.3574803416449227, 0.2843452567740102, -0.8458712458878614, -1.0187229817870178, 0.4375758029570144, -0.14222478046172554, 0.42950946270292983, -1.1475099155113486, -0.47366475225245736, -1.006565176668171, 0.2075527665643958], "pareto_k": {"BLR": [-0.0948741875003936, -0.05562214639003679, -0.10392388135864988, 0.0426617263009111, -0.06938305097638163, -0.17865336292146314, -0.03417743492851726, 0.018558779354659497, 0.00011664638960573385, -0.019872914058521114, -0.1811824935789607, 0.034690629782760316, -0.011333907445357156, -0.07913328956490207, -0.05700487407825283, -0.047821903691872336, -0.24260646958180565, -0.04320344827341515, -0.023904287640134407, -0.1214490258247226, 0.152018748932171, -0.08968099403362646, 0.30391058448053415, -0.15857902436583152, -0.10241631636877724, -0.20425647044661216, -0.038840286395045096, -0.14470814316533032, 0.1947946605849266, -0.002919855681302969, -0.1458243766014888, 0.14075786926105863, -0.10885702938195171, -0.15210712971910773, -0.15550249766683508, -0.11346100386663538, -0.019115564438994093, -0.07927814594343666, -0.17224190553913662, -0.0928921608711366, -0.15664668212854027, -0.1576615439867249, -0.15441608835110196, -0.11292834462580144, -0.06864178496638564, -0.11457450863480514, -0.019446367426326397, -0.15872840392247237, 0.009470530577389844, -0.09887682328565554, -0.0243860725643133, -0.12376636759291663, 0.06490486513315397, -0.1290729131111638, -0.14476185692409604, 0.1531081651238105, -0.01927247791951896, 0.005908303772917244, -0.07580047365513126, -0.12454831495843405, -0.07310987778570703, -0.13484140540807293, -0.02658452612481925, 0.013867170052653041, 0.04313304039850813, -0.1189924024418889, -0.07014154451159614, -0.048137166642389935, 0.3041960377783627, -0.15451127479668536, -0.06319580015965778, -0.16108616636655085, -0.1448610747169483, -0.05185266050825921, -0.13715894762988715, -0.050392148646692995, -0.0724388905256393, 0.38636256283903797, -0.05376703094698424, -0.08478964733904384, -0.10069019250617715, -0.09075811114909138, 0.05652733887528611, -0.14456936391889091, -0.047175679536916953, -0.10158747866707585, -0.10497510039099124, -0.06680722811106554, -0.10846065852901596, -0.029831645029377407, 0.1349711176196876, -0.06365355171555252, -0.056396192796529875, -0.05847401944888141, -0.07535528345581481, 0.06430164291187647, -0.034639666874713995, -0.002708648696141915, -0.07375288378976738, 0.24164481462260864],