{"n": 60, "x_train": [0.4310130392833874, 0.6244881543730294, 0.5125072110371968, 0.015508244089740941, 0.15980447717545176, 0.13957495565553335, 0.6557026729380313, 0.42534736397861883, 0.7494141501305379, 0.5671162861803399, 0.32750662306666545, 0.22077133213937172, 0.2358318211353283, 0.718686631909052, 0.5114445249975594, 0.6628886172358827, 0.07113954157843316, 0.1712292394461643, 0.16438248016619117, 0.3334619434318994, 0.7956626809904224, 0.8397067590965113, 0.6181455579232039, 0.6467987554584063, 0.23623890528395752, 0.4571269931790519, 0.4060885310821247, 0.46721613099531345, 0.9587278723883461, 0.9654924567711859, 0.3517109119179058, 0.04422212517292767, 0.04048548112395556, 0.3321022398652942, 0.11929694457718976, 0.3368016185348377, 0.11959009725047631, 0.006366117088878243, 0.3990811808524143, 0.12158958761294303, 0.999601255765348, 0.25751575738601507, 0.5101362113959435, 0.6279907256835213, 0.5773526535574189, 0.22711820258692583, 0.034765757701741395, 0.7252303521113239, 0.6550953803012272, 0.10795652097909625, 0.13403713072041468, 0.9975452904274867, 0.28945768847487074, 0.9356787639571426, 0.9836296544557438, 0.40002425243580453, 0.7883759535645573, 0.4382164054358114, 0.8993964216212262, 0.26837098441265295], "y_train": [-0.09102647954218401, -0.121626420241644, -0.9111033050159774, 0.023402584884980634, 0.934212370094659, 0.8830909428293698, -0.29224155346106984, -0.055219892895478295, -1.2322167583438615, -0.35171593982518495, 1.2666180751334115, 0.6347697160230807, 1.0852446454416012, -0.9581640189840033, -0.611749580690753, -0.6273723964666637, 0.42598605247205285, 1.4314077187839471, 0.9471471485486949, 0.9089773377239946, -1.0263824242960378, -1.0550866575227726, -0.3281059862766727, -0.6960978856396751, 0.876450225793078, 0.3368347899017702, 0.12250100523365332, 0.25131683281639583, -0.060183147083230845, 0.35454459340375744, 1.037937884230046, 0.5783847155967023, 0.5491257183725975, 0.6603022470632918, 0.6543894138035792, 1.252485456131068, 0.7817381335445472, -0.08667762464198024, 0.4674314964128521, 0.7543400331379895, 0.14751510706831278, 0.8992847651289507, -0.5719904502138299, -0.5951074179131935, -0.14240896124468055, 1.3070816839980481, 0.05616469057950829, -0.8617619021367002, -0.6712251838303656, 0.6812118245411469, 1.042829971324988, 0.48626157950193005, 1.249500577064949, -0.03683120554465452, -0.04293768975158713, 1.0802869577030794, -1.1470900689620696, 0.060869827572565594, -0.028114570854714804, 0.872267462109976], "candidates": ["BLR", "BPR-4", "GP", "BART"], "elpd_loo": {"BLR": -54.60461841911269, "BPR-4": -15.644103926980728, "GP": -6.541831433392118, "BART": 0.2944474398254018}, "elpd_loo_se": {"BLR": 3.675255529490634, "BPR-4": 5.0223587710673305, "GP": 4.456798399208446, "BART": 4.557880374840909}, "lpd_per_obs": {"BLR": [-0.5638685085573574, -0.42114748937294166, -1.958338546379494, -1.4839856221542167, -0.5484162837013606, -0.4889377137964601, -0.4682533689924213, -0.5393345547678212, -1.8903226238245132, -0.6240717845673291, -1.549542422206713, -0.42832110979064275, -0.8758388599436273, -1.277382665360209, -1.178980222341922, -0.8024188663552358, -0.6041048996522083, -1.3939108718500712, -0.5658355449776007, -0.821308824471144, -1.1853792645278158, -1.115021556757112, -0.5296513269169463, -0.954469285410191, -0.59700133954669, -0.44127025989619995, -0.44379603542720325, -0.41950783454883833, -0.8127173501746778, -1.7532537480437185, -1.099751659197267, -0.5099487623032868, -0.5364478536483137, -0.5260346137778455, -0.4260441059004485, -1.5482175058069476, -0.4330755411086695, -1.8319223914219087, -0.46233149519101424, -0.4278821533247896, -1.3499339690348862, -0.6563642048668115, -1.1001445645852321, -0.8307079725348938, -0.4490819820573293, -1.2891467814284336, -1.326743875699087, -1.0529987844756992, -0.8904112270003814, -0.42565356758841766, -0.6187744303738345, -2.351573649020425, -1.3663112146197385, -0.7919354129392921, -0.9055047355420314, -1.3503171556532987, -1.4959146371732768, -0.44965707180928405, -0.7222733464974986, -0.6431249702196506], "BPR-4": [-0.6987961814497119, -1.3438663618866311, -3.5766455418213177, 0.1457416649389245, 0.19535615886559476, 0.20310459210188014, -0.9490618991394832, -0.6710983257244667, -0.49822437998781766, 0.22663648202077624, -0.9860224244460021, -0.8674765071848753, 0.23677582103420036, 0.18398314982916375, -1.178430767256991, 0.13471707023529333, 0.10468643093079955, -0.6569940970294965, 0.19804481069397717, 0.1553035398695375, 0.02201074976064099, -0.41263831202787493, -0.24117707348055717, 0.23964135781310603, 0.05760938288619677, 0.07313290583837606, -0.34399821733476443, 0.12762443287310532, 0.19372743877891807, -0.40515408968509625, -0.39589543144966477, -0.16755224772646748, -0.20484113566735296, 0.15335744428506004, -0.05085504874380753, -1.1201170197205759, 0.18384023123119064, 0.10700315613891753, 0.24240730399158394, 0.13461014998793885, -0.3197411030712054, 0.15887395270328852, -0.9891249113877922, 0.22317739396619274, -0.30200677469668236, -0.10039969416244432, 0.0012061547494575109, 0.22686838475470772, 0.21329323621468887, 0.1270383653689855, 0.17748710377565224, 0.02981634718348758, -0.3049113762700024, 0.034137802432965714, -0.3007907145611579, -1.9654481551057472, -0.2866597421097534, -0.013311205006729665, -0.9592357989250466, 0.15515759482418012], "GP": [-0.2958489842034284, -0.5116864204097338, -2.0459812240996875, 0.22985805416679206, 0.39170689234899747, 0.39339105325889534, -0.1758432757050059, -0.4045395407688712, 0.01031405282920872, 0.3005823360144415, -0.264473486924647, -1.0341913698833238, 0.36374021365861786, 0.31933714637658284, -0.09236845876042032, 0.35013513977345134, 0.2955900167529979, -1.47025005959809, 0.3911503386980435, 0.335131084895691, 0.27817977063617505, -0.24498045853384376, 0.2841528493968237, 0.045783796479010874, 0.1134024787157486, -0.990383554878413, -0.4952995480402693, -0.9804815481792701, 0.08031275538498761, -0.0738683560205029, 0.1746043910527586, -0.22512719723444263, -0.22328485514149854, -0.5195136795299504, 0.19710682963122572, -0.369939334852047, 0.3853307758106972, 0.04567785562248794, 0.3660855536456662, 0.3602518561358501, 0.17636315061212748, 0.13650996405763216, 0.039418014100103704, 0.1725735230699872, -0.36923019817040537, -0.24993520862012986, -0.002196114227221102, 0.2719837517668555, 0.2155659585578018, 0.34760943287197676, 0.10691498031790125, -0.355790258458895, 0.08483666009857593, 0.312949076439347, -0.25582727846161646, -2.481240532996889, 0.27152055522162755, 0.36262380102183656, -0.654496669642489, 0.03425207052804957], "BART": [0.08261626799467336, -0.320733431963955, -1.5771749786737885, 0.4210131055358115, 0.5147442381618186, 0.49667506168343856, -0.5700321845047487, -0.025784921863211352, -0.16739167015302137, 0.4332516655158756, -0.11741433024538495, -1.3414143521263746, 0.49107981133063383, 0.2419234103969501, 0.23817752360852396, 0.4609418797331024, 0.34579894072513007, -1.370828340061177, 0.47332252631309846, 0.49314403836652154, 0.2697900688258379, -0.8432419489909115, 0.4990673563575463, 0.3386704369585152, 0.3419128251047958, -0.37382165362982, -0.1107696262425506, -0.4570065349951893, 0.42923606783614154, -0.341390720236582, 0.15950804018978815, 0.44010043781818364, 0.24942535929207033, -0.6010582651648306, 0.505849683912361, -0.5292783776966381, 0.5155652302535749, 0.25342112167236497, -0.39373652313795304, 0.46317935052664083, 0.3789237180266225, 0.44169236107086896, -0.24427170170749868, 0.34176451752382153, -0.011829901090049333, -0.3394665498595142, 0.2179962034257077, 0.4463690847129449, 0.4295933868066957, 0.4813880465996334, 0.25394894081951236, -0.45699940521303795, 0.02184612347087267, 0.2994757172881428, 0.008314903105819837, -2.417150871601711, 0.19245792692698593, 0.5155291198052669, -0.6173700936466933, 0.3348993249337493]}, "w_bma": {"BLR": 1.436059259731666e-24, "BPR-4": 1.195387796011325e-07, "GP": 0.0010729402422104898, "BART": 0.99892694021901},