{"n": 80, "x_train": [0.05997126224675875, 0.8302224775340153, 0.8156810110757463, 0.4473051217396109, 0.9839771095894906, 0.34187732446616936, 0.26149706740780565, 0.8973978192532078, 0.538013695902916, 0.20406105942383101, 0.7713312366723425, 0.8904617153356295, 0.25664638956271624, 0.4276544649945013, 0.6771178950409751, 0.21146728170911555, 0.16195301873109613, 0.5876468966064635, 0.786808410979408, 0.8493831146882163, 0.5758378931008032, 0.2168995817529369, 0.9920115836746194, 0.4042150054700493, 0.8310670207207297, 0.3249483236908802, 0.9888435998920199, 0.901650250414889, 0.4586224915682453, 0.8055344078781715, 0.9782978422763121, 0.4510974063387371, 0.7911570343397056, 0.22133084938409342, 0.7677451196907142, 0.3331665430176385, 0.22161952406591756, 0.10539864551026668, 0.535344611858006, 0.13597684733257087, 0.8255540603357648, 0.7413670776486586, 0.654285842645655, 0.5380612482620498, 0.13068822257711155, 0.28380647575135476, 0.9718000162617715, 0.5880304930288076, 0.5809538903494231, 0.8331720803076199, 0.3981814669874224, 0.2515348712763822, 0.29969901765272877, 0.7121131166307902, 0.43414290246562914, 0.4464491412659254, 0.9234838622099851, 0.7009901849620434, 0.06091830977521595, 0.8820872869673646, 0.11454800318117142, 0.7400580019598899, 0.10213002265005067, 0.26427801201019185, 0.09314660151031706, 0.7477922521581171, 0.5727724384587328, 0.3683399184215287, 0.8470515863076973, 0.8426563745799709, 0.404313061978649, 0.36958045891739655, 0.7344931711435204, 0.7918779241807543, 0.02229525120764486, 0.9275409015727458, 0.6884582011114897, 0.5402358897111723, 0.07279181201313878, 0.38682100462681757], "y_train": [0.6332645305151278, -1.2096837256532063, -1.143254487079797, 0.5241746644204011, 0.4028550969524239, 0.9669854178038384, 1.338729423355906, -0.38249004379178525, -0.4978169942388924, 0.9310095908073273, -1.0228608927022493, -0.9919643939596982, 1.3274027826636372, 0.5607045483770936, -0.6051206754799701, 0.9241097274296066, 0.5928069064654005, -0.7213455682341354, -1.0290466040618798, -1.0015959996318697, -0.28170807568404993, 0.48744120488779175, 0.4315374964924228, 0.6154846779813621, -1.240404647638373, 0.6157491266238493, 0.10449675495164543, -1.1731716468327007, 0.17200331644128625, -1.2090920439181363, 0.2638434751469332, 0.22428928951664984, -1.1675648923012003, 1.362806325617159, -0.9365813307518989, 0.9710944316643638, 0.7956943953706097, 0.9259255905515215, -0.13076591882908245, 0.7825120908272631, -1.4110477916406248, -0.7055901815577693, -0.5283705696482576, -0.35862248708028044, 0.6444277014891132, 0.4452303486871382, 0.4803493866482347, -0.7168149769382479, -0.27723807949145596, -1.6841512998929589, 0.8304537361559439, 0.8926120703954363, 0.9975970939746439, -0.5138942327237266, 0.5544485164183293, 0.04056425875535702, -0.3430193786982422, -0.6921635038893722, -0.07199050924978584, -0.3365782189776323, 0.5625058232953469, -0.8850991477298367, 0.7309517979895445, 1.2507655516700291, 0.32146596275183204, -1.0011216648140853, -0.2997566731735091, 0.7467349919130192, -1.456216725755804, -1.153191204750599, 1.0092853904992798, 0.6565577330446338, -1.2409831759148295, -1.144209227464242, 0.42173389031321523, -0.29123471452967753, -0.4078016168988275, -0.5545525257810823, 0.5215207369881061, 1.0118808434126267], "candidates": ["BLR", "BPR-4", "GP", "BART"], "elpd_loo": {"BLR": -71.45877877246228, "BPR-4": -12.718065592479746, "GP": -3.2896929487837046, "BART": 2.150771484579982}, "elpd_loo_se": {"BLR": 6.1170287610531595, "BPR-4": 5.308428165068672, "GP": 6.124574058171207, "BART": 6.505833824153806}, "lpd_per_obs": {"BLR": [-0.5674286588001145, -0.8755160763586307, -0.8142966063041897, -0.5966848069928545, -3.401740556015932, -0.9269130197888202, -1.3706380898103578, -0.6468306280892797, -0.7043729447045148, -0.5090096503579105, -0.7676276568507738, -0.4705820488793968, -1.3189844242433466, -0.5921641348524798, -0.5044937247951253, -0.5157568795225096, -0.433453467223611, -0.8929741264920885, -0.7301715033375835, -0.545432874638367, -0.42851385392279084, -0.42634745540840235, -3.617014149461191, -0.5993702109119994, -0.92671285774213, -0.4570769668711243, -2.246442740700502, -0.6151568809966417, -0.39115579323511795, -0.9648146276288667, -2.755676162134103, -0.3981158245783938, -0.9421608050180055, -1.2336939408466776, -0.6577532267654753, -0.9022992087825372, -0.44100263122902206, -0.40734100559789965, -0.4022130735811533, -0.3998851271826904, -1.3082671637148575, -0.4803525634738328, -0.48098357397972613, -0.5413019254710818, -0.4419894819020076, -0.3955763427509389, -3.6378906509452715, -0.8836815824634421, -0.4214423683618467, -2.0325222905445273, -0.8899960091745172, -0.5619541191114585, -0.8307802327509641, -0.409344036539558, -0.6001438178407241, -0.4071340932651246, -0.7792077877223029, -0.5383279419721063, -2.0726079447841848, -0.6632123836807367, -0.5225006835289108, -0.6643185933792886, -0.4312638429686313, -1.1781914639530662, -0.8998445088070017, -0.8086747048170579, -0.44141977744600425, -0.6690337698074931, -1.3118275565402229, -0.7453448673410854, -1.2818285355264738, -0.566851981868874, -1.3465114052921514, -0.8975204458261921, -0.9984137077903981, -0.877792468103527, -0.3943201249586359, -0.7805699190436179, -0.6629508553497345, -1.2050648290120876], "BPR-4": [-0.10027737361280131, 0.22229687260309738, 0.33885328893241606, 0.2512128577194712, 0.2209522507897681, 0.21184409218187028, -0.6992659463963982, -0.5247324821008235, -0.798272961307477, 0.34040381877208326, 0.2832878049151253, 0.047013870785461265, -0.6296541373822464, 0.3252333617435541, -0.08677318001273271, 0.3392298232852893, -0.10943542201070677, -0.43578928245004356, 0.2810788713796679, 0.34648347646637845, 0.3359300895548447, -1.1600054752428512, 0.24606679056814595, 0.3503593648630474, 0.15291230168292813, -0.09071078893323836, -0.4980251537311533, -1.261920346355728, 0.13051735303806566, 0.29328699364764255, 0.27715328652185356, 0.16367328537525871, 0.33890736912977104, -0.8935482652887021, 0.12208086161876253, 0.24603947948297744, 0.17658522245206854, -0.24484247911089518, 0.3278381370011578, 0.3376475799860801, -0.3900802722964354, -0.6014457122775525, 0.009255546993440333, -0.1364934762394281, 0.26793927187589794, -1.3842886072808476, -0.6861844023912518, -0.40399746206910514, 0.3097368654478707, -2.393751934629437, 0.07497059092392355, 0.31366325202512346, 0.30326097869696067, -1.2650898254267915, 0.30043914058590104, -0.6154129920849556, 0.17394783541466907, -0.12099928251619829, -1.6168738191044643, -1.492305237549326, 0.2356993436078092, 0.11099289861572181, 0.25722850527323526, -0.27626331103445523, -0.18137918437723854, 0.2995475026267078, 0.3458226266778386, 0.3519385690395218, -0.9878574184221165, 0.2548771054947938, -0.7953357152830414, 0.30513607951437205, 0.12101580682541879, 0.3477748602492632, -0.4815796367913361, 0.1515500419860487, -1.3932263396679758, -1.0662125031841345, 0.2982765654547448, -0.4359970577439114],