{"n": 100, "x_train": [0.44790157127621044, 0.8866372948470919, 0.33052162041477273, 0.13732776858149898, 0.41989471699074843, 0.4192431152288565, 0.7105972891781389, 0.7807064142944146, 0.5995037239057801, 0.5833810174736058, 0.20332689788786396, 0.21861129654810263, 0.8182882709006444, 0.9151813455925675, 0.380364071372426, 0.8735755041552282, 0.3836603265331393, 0.8407306260505154, 0.2311804344983528, 0.5874149308288124, 0.03279928590223968, 0.8900011274705095, 0.9874637265271206, 0.6002960885392802, 0.7396441954819984, 0.38811135774779904, 0.804982093411716, 0.23973472041483113, 0.030247952195931238, 0.2324993607617586, 0.5715248722445907, 0.019757793809691893, 0.40289268908016385, 0.2605127554653688, 0.6259859880680265, 0.593153229820359, 0.7426501904709809, 0.34952486939708083, 0.32232287430099804, 0.821091975875559, 0.4280234506023467, 0.6205528243514724, 0.25041501940334876, 0.4571753158502142, 0.47387955669188575, 0.6493008122579698, 0.508685844252205, 0.26409924684399, 0.7753446206311932, 0.781633117773518, 0.22065321659860548, 0.4586627941062815, 0.14316807457118663, 0.37989560483085894, 0.6356328712644794, 0.07198166401314399, 0.222880220996181, 0.1659144607781492, 0.3300667593223032, 0.7353964263963243, 0.7012098654375514, 0.6305999448723175, 0.76963278917116, 0.12180291154246192, 0.0859598544769925, 0.6757417825221789, 0.14232173788572255, 0.6530937406858677, 0.9834434207508647, 0.2610738397994955, 0.8698950650336145, 0.3884887647951012, 0.4343672659425154, 0.6616893800261674, 0.6998076589131422, 0.827588354191043, 0.12821292983084454, 0.9935113877627549, 0.6466872763018849, 0.8582834769254145, 0.2770376103979635, 0.8609969149946496, 0.12927016771181943, 0.6888310391028267, 0.2849459688755701, 0.5004649351130149, 0.3296493876219011, 0.13871519795729614, 0.7423417146376555, 0.9097113556069293, 0.08851453841453594, 0.8238089328995072, 0.7515985705455089, 0.41279920860858843, 0.45741117123091, 0.11221964922010397, 0.7338494371919746, 0.5035041718395157, 0.8440309016411782, 0.9496366339759238], "y_train": [0.5850572737376976, -0.3206279242671636, 0.7632532477645391, 0.377353304951875, 0.45294648042303104, 0.6640638377803751, -0.9357399776871873, -1.5011279349885638, -0.6327126283783817, -0.7881953494293664, 0.5723305431203901, 1.0056950199385097, -1.4681699197098441, -0.7155237791415799, 0.5206666633419522, -0.8631825587981761, 0.8852570381749579, -1.4202903716282802, 0.8243140399797624, -0.41996467659557346, 0.5049982651001613, -0.6995694613130052, 0.39871343935534, -0.28211527008052484, -0.6376312457904891, 0.929915513251815, -1.2906028279525021, 1.1563928749933894, 0.09168223054662467, 0.8994795918551914, -0.30887143531762074, 0.5649288227564493, 0.530428690162434, 1.0883625820517877, -0.3004212534732478, -0.3863358336027368, -1.1465120746831887, 0.5700939316752921, 1.007770396248692, -1.2056018144325802, 0.5963565459178327, -0.2916053437864662, 1.1697380921865652, 0.23281374423111964, 0.39145964407431766, -0.23250182398023417, -0.5783606348239726, 1.0935548923096796, -1.473614316034614, -1.0466653486970028, 1.034910842921102, 0.2677841447979577, 0.294922862644452, 0.6841940323201323, -0.27774358868899385, 0.23653583691640126, 0.8608993203052668, 1.0328218739191535, 0.6787400766111409, -0.5933758678200554, -0.6855520338522666, -0.5761506080725922, -1.2323388796922012, 0.5110523111047782, 0.5527210082089908, -0.342647759454, 0.5518174652697609, -0.054525011538143375, 0.3760384355853455, 1.1207292426210436, -1.0656551092212803, 0.30343104478125543, 0.019926869582554463, -0.07516257211108557, -0.41648454884377684, -0.9208852280447503, 0.8089640603182437, 0.6335812492317558, -0.69484167482433, -1.217483204238288, 0.9422666182584558, -1.1329507925217441, 0.36779086312047193, -0.5371562790641257, 0.7873421889519236, -0.24635465713026528, 0.7196196103675403, 0.5788482758624363, -0.6647443598478904, -0.3574803416449227, 0.2843452567740102, -0.8458712458878614, -1.0187229817870178, 0.4375758029570144, -0.14222478046172554, 0.42950946270292983, -1.1475099155113486, -0.47366475225245736, -1.006565176668171, 0.2075527665643958], "candidates": ["BLR", "BPR-4", "GP", "BART"], "elpd_loo": {"BLR": -77.18848657320737, "BPR-4": -16.03328116227656, "GP": 8.314773036199316, "BART": 17.350425442590456}, "elpd_loo_se": {"BLR": 8.447651853883546, "BPR-4": 6.293102621450965, "GP": 5.107052477541743, "BART": 5.610639130048125}, "lpd_per_obs": {"BLR": [-0.6952816479568256, -0.730564467307989, -0.5857610780795071, -0.5559986597680382, -0.41945027961154757, -0.7315102886981659, -0.7411660377919151, -1.9036024465157233, -0.6114282597582843, -0.98905087195946, -0.27602665227680845, -0.6058203504789557, -1.53073627823189, -0.3188795906571009, -0.40464233565680807, -0.2872119892090286, -1.0536541214999744, -1.2517683483830346, -0.4021588236395246, -0.3735192278851578, -0.7179699346550787, -0.2988644663000475, -4.366335735173324, -0.2757638328971037, -0.30491841464577263, -1.1928457079524044, -1.1005792303192, -0.9924114503530994, -1.8586812138354105, -0.49227260562795827, -0.31420013339922015, -0.6607523504695632, -0.4686769416680079, -0.9332687226575107, -0.26852782334999503, -0.3361400180987353, -1.0596822644246, -0.39049937682803204, -1.0434355239201043, -0.8270524758820255, -0.6425258869399126, -0.26883542644630687, -1.0786839243317292, -0.3035252650929188, -0.47920892780418356, -0.2775587934013437, -0.8663835092672265, -0.9621560453170197, -1.8442178990208546, -0.6763686319122684, -0.6618066800935285, -0.32682259027179406, -0.6692590856690828, -0.6226086655254228, -0.26585122042865805, -1.129610768072462, -0.42268843121822997, -0.4890363749466786, -0.46616138023204456, -0.28842694644204236, -0.4029601313901914, -0.4425513478891503, -1.137204146430843, -0.4271302722506185, -0.4680995547231923, -0.2675446298239592, -0.3487139629163387, -0.3984888354745433, -4.178698219019887, -1.0117965860028164, -0.4411440760828853, -0.27520801269085915, -0.29196171620627887, -0.39599075586806975, -0.2670928593356692, -0.3806158947233378, -0.2771075743003788, -6.026270741771956, -0.5558035671989394, -0.7016188673177979, -0.7028915374781679, -0.5528376017913565, -0.5971532870548142, -0.30649862323509147, -0.4861868793873203, -0.380414916077747, -0.5186597755093683, -0.33486189831200797, -0.31727598314924776, -0.7545501213753134, -0.9262808511295937, -0.32752727505071455, -0.7384847275314179, -0.3886143360917309, -0.36769554389673154, -0.5584835243516899, -1.1079274313094754, -0.681285773615361, -0.43379941069959393, -2.8982088944862863],