{"n": 40, "x_train": [0.5690044333679997, 0.8532762017573884, 0.2829017193809811, 0.8316955090135464, 0.004861328251103192, 0.04062077675235376, 0.5286330585550276, 0.6274855566866899, 0.4125661905312057, 0.9309909825182979, 0.6094986056875585, 0.3815556299377574, 0.7101363961366359, 0.28471471062539166, 0.7726037792097825, 0.20065614262846154, 0.1999563621478634, 0.35926627602612027, 0.14241736100729663, 0.5373165121134518, 0.4075939351602832, 0.6748134335512989, 0.9957816793828862, 0.1537173673687552, 0.40196664809430405, 0.002732431207924657, 0.870768684155097, 0.6793427095056976, 0.3737290396902273, 0.6676964275611491, 0.7842267031399799, 0.4730473696729752, 0.8966729993215576, 0.8853230841817226, 0.4128195135701406, 0.7621564606862649, 0.2087947531115728, 0.5599682172324112, 0.7968370577405303, 0.7920219157525757], "y_train": [-0.611187285482932, -1.6197450726202056, 0.9374657807870087, -1.010907960117245, -0.1233143191698263, 0.02156329033808127, -0.04281142818942174, -0.28533685314524937, 0.41157462936566175, -0.08669088136940178, -0.37786556545314326, 0.007408201803797643, -1.0959702354275642, 0.9801258526960502, -1.3004630370249106, 0.9558117473789224, 0.940504303598652, 1.097902328685234, 1.0095335552627729, -0.4070429491329564, 0.7944725670988843, -0.46714569985245047, 0.020456943816279938, 0.9690895087854301, 0.2858969127336786, 0.10444179304237089, -1.101925903711388, -0.5815427560559835, 0.6109916188264066, -0.18418662513439626, -1.3373183113734664, 0.4005775022444726, -1.083390118298643, -0.9083810180991331, 0.46411980600270325, -1.1671810061474204, 0.5943863430976817, -0.5300098543155103, -1.1923121627350526, -0.8325510879213278], "candidates": ["BLR", "BPR-4", "GP", "BART"], "elpd_loo": {"BLR": -33.94558756754039, "BPR-4": -10.368402671169989, "GP": -8.353562086596098, "BART": 25.53583875605164}, "elpd_loo_se": {"BLR": 4.134065755725819, "BPR-4": 4.311049115014313, "GP": 3.6931492553002636, "BART": 2.4030652688010674}, "lpd_per_obs": {"BLR": [-0.5823161168300768, -1.467807414274878, -0.9028755669559931, -0.43467310829698036, -2.7606447399375202, -1.8352402635455025, -0.3538631772813545, -0.34583052514646795, -0.504679302555445, -1.9482339392223054, -0.3422985474777711, -0.3824733505107396, -0.896277811948524, -1.0007488921978887, -1.0599254471626036, -0.6447114886692109, -0.620863676474336, -1.7447621186742754, -0.5613385465712906, -0.4355846434497863, -1.1598156196001153, -0.33891075327527354, -3.0463056846950085, -0.5399605357614057, -0.38361563193716286, -1.8542435438938778, -0.44578272297589194, -0.36126516975749645, -0.6577181059878594, -0.4542544400255437, -1.090417913957646, -0.6539360019521787, -0.3992972999021287, -0.356218355186094, -0.5669825026613147, -0.826701866311037, -0.35842039134132797, -0.5076591387996086, -0.7451310390684345, -0.37380217326803766], "BPR-4": [-0.40651600404165045, -2.020496192916127, 0.23037461172505225, 0.21343686131382178, -0.06538056088850297, -0.20817624666738865, 0.25243489121813223, -0.3478070672788025, 0.20358576804548179, -2.1632270931653643, 0.1619309098584818, -2.3587623713409798, 0.1203745385579964, 0.18547553792147298, -0.02060355948581183, 0.19358879172999366, 0.20554866692537033, -0.7248301333652467, -0.22637720176085097, -0.2823324086359431, -0.19244519017784611, -0.4960513088929517, -0.2992824467590758, -0.0006510125717884563, -0.1854291057659765, -0.1902145642945392, 0.16285879830764927, -0.12860473986981802, 0.24774448087683432, -2.1315252858653704, -0.09433140043840638, 0.056292085058116115, -0.06437133805864725, 0.24012990643656984, 0.2497801036413687, 0.20624425468907326, -0.38724700291844627, -0.27902646227151884, 0.21111712698490415, -0.23563130702925505], "GP": [-0.5298905859962639, -1.6674163816100362, 0.23147865232307296, 0.08448991451938959, -0.019224803457753126, -0.11537298124830997, 0.16853624755790264, 0.015178894179708635, 0.28790320784593426, -1.728508583184496, 0.2681880253665945, -2.0477698921902414, -0.2617648899499958, 0.1899435225730084, 0.02242346375702553, 0.2513881146428627, 0.2575917246763737, -1.0456105375370717, -0.3280820306648522, -0.1468762281568523, -0.568675429098966, -0.006704061180615284, -0.2798216908080864, -0.0032127058896662675, -0.0033450514830679623, -0.011809606662083638, 0.22780435636767216, 0.1831091693404261, 0.28941938133785783, -1.1479334960947902, 0.013104170145865623, -0.38583951684551376, -0.15833420065185244, 0.267376633146192, 0.2805533346850346, 0.22631240014310272, -0.6347879341260922, -0.2994456111951944, 0.27511432696088, -0.5030514081331994], "BART": [0.7341952061424131, -0.5398812023125759, 0.8983761040127227, 0.6676373684167451, 0.8332856199307006, 0.7948666609833612, 0.789786514713045, 1.061933775536839, 0.9652854818318826, 0.8335995121819604, 1.050411805858225, 0.07563004736069878, 0.6650439403390731, 0.6567732277504756, 1.0723947507034381, 0.7375694877380958, 0.9185013785635494, 0.28503929976079956, 0.4538362289109923, 0.5789649992274732, 0.17227249868636374, 0.7737270416863335, 0.9188508484157119, 0.7460946161072837, 0.9354280232114434, 0.7888742576560288, 0.9002945582982251, 0.5588702132741563, 0.7065599127723106, -0.49245678015974814, 0.5654410332834239, 0.1645671990877, 0.5338673713345701, 0.9160849181314665, 0.7592128351112395, 1.0788057716606847, 0.12486474975661288, 0.9371048342599568, 0.7977835387524728, 0.11634110707549716]}, "w_bma": {"BLR": 1.4707700310023897e-26, "BPR-4": 2.552619433315529e-16, "GP": 1.91434504726844e-15, "BART": 0.9999999999999978}, "w_stack": {"BLR": 5.2467519642352775e-08, "BPR-4": 1.0125678065398227e-07, "GP": 1.0737438931454133e-07, "BART": 0.9999997389013104}, "K_eff_bma": 1.0000000000000044, "K_eff_stack": 1.0000005221975592, "holdout_log_score": {"single_best": -2.395788847648139, "bma_mixture": -2.3957876973858645, "stacking_mixture": -2.3794657062616635}}