{"config":{"n_train":1000,"n_test":1000,"hidden_width":64,"seed":42,"delta":0.05},"results":{"train_accuracy":1.0,"test_accuracy":0.998,"empirical_gap":0.002,"W1_op_norm":3.47228,"w2_l2_norm":1.66695,"R_X":28.0,"classical_rademacher_bound":14.78079,"corollary3_bound":14.90963,"ratio_bound_over_gap":7454.81722},"train_probs":[0.99939,0.99993,0.99962,0.99999,3e-05,0.99996,1e-05,0.0,0.00022,4e-05,0.0,5e-05,0.99992,0.0,0.99648,4e-05,1e-05,0.00104,0.0,0.0,0.99997,0.0,0.99951,0.99938,0.99964,0.00016,0.99987,0.0,0.99988,0.0,8e-05,0.98916,0.99991,0.99878,1e-05,0.0,0.0,0.99995,0.00044,1e-05,0.0,0.99989,0.00026,5e-05,0.99758,0.99963,0.99996,0.0,0.99978,0.997,0.99549,0.99916,0.9873,0.0,0.99996,0.0,0.9946,7e-05,0.99979,0.99998,0.99988,6e-05,0.99959,0.99992,0.0,1e-05,2e-05,0.0,0.99916,0.00144,0.99938,2e-05,0.99989,0.99726,0.00195,0.99955,0.99983,0.99963,0.99846,6e-05,1e-05,0.0,0.0,1.0,0.99955,0.00025,0.99986,0.99937,0.99859,0.0,0.96341,0.99997,0.99965,0.99833,6e-05,0.99986,0.99743,0.99976,0.99939,5e-05,0.99926,3e-05,0.0,0.0,3e-05,0.99936,0.0003,0.0,0.0,0.99988,0.99375,0.99977,0.99711,0.00092,0.0,0.0,0.00033,0.99949,0.99484,0.99966,0.99937,0.0,0.99999,0.00028,0.99957,0.99974,0.00184,0.00016,1e-05,0.0,0.99992,0.00017,0.00023,0.99866,0.00372,0.00089,0.0,0.0,0.0,0.0,1e-05,0.97471,4e-05,0.99991,0.99991,0.99958,0.00011,0.99997,0.99999,0.0,0.99966,0.99998,0.99995,0.0,2e-05,0.00313,0.99878,7e-05,0.99998,0.0,4e-05,0.99975,0.99891,6e-05,0.00011,0.99923,3e-05,0.99998,0.99999,0.99994,0.0,0.00299,0.0,1e-05,0.99996,0.97252,0.99921,0.99329,0.00059,2e-05,0.99995,5e-05,0.98899,0.99989,0.0,0.99699,4e-05,1e-05,0.99989,0.99954,0.99961,0.0,0.99895,0.99973,0.99991,2e-05,0.0,3e-05,0.0001,3e-05,4e-05,0.99725,0.0,0.99958,0.99822,0.0,0.00043,0.99838,0.99942,0.00076,9e-05,0.99993,0.99995,0.99969,0.9997,0.99996,0.00027,0.99997,0.0,0.99997,0.99996,1e-05,0.99971,0.99996,8e-05,0.99986,0.0,0.0,1e-05,0.99972,0.99899,0.99991,0.00116,0.99879,0.99852,0.0006,0.99997,0.99846,0.99923,1e-05,0.0,0.99999,0.0,0.0,0.00021,0.99977,0.99995,0.99561,7e-05,0.0,5e-05,0.99901,1e-05,0.00027,0.0,3e-05,5e-05,0.0,0.99993,2e-05,1e-05,1e-05,0.99976,0.99758,0.0,1e-05,0.00015,0.0,0.99792,0.00011,5e-05,0.0,2e-05,0.9997,0.0,0.99637,1e-05,0.99973,0.99293,0.99966,0.0,0.99986,0.00043,0.99884,0.9998,0.99898,0.99933,0.0,0.99597,0.99992,0.0,0.9996,0.99976,2e-05,0.99946,0.0,2e-05,0.00017,7e-05,0.99169,0.99977,0.0,0.99999,0.0,0.00137,1e-05,2e-05,0.99959,0.99917,0.99996,0.00011,0.99991,0.99359,0.99881,7e-05,0.0,0.0,0.0,0.992,0.9998,0.99992,0.99991,0.99978,0.0,0.99701,0.0,0.99968,0.0007,0.0,0.99987,0.0,0.99873,0.99908,0.0,0.99988,0.99999,0.99996,0.0,0.0011,0.99897,0.99997,0.99915,0.99933,0.0,0.01796,0.0,0.9979,0.99745,0.99999,0.99985,0.99994,3e-05,0.99879,8e-05,0.9985,0.0,0.9935,0.99617,0.99978,0.99973,0.99997,1e-05,0.99996,2e-05,0.99995,0.99972,0.0,0.00056,0.9999,0.98129,0.99973,0.99964,1e-05,0.99956,6e-05,1e-05,0.99996,0.0,2e-05,0.99753,1e-05,1e-05,0.00038,0.99979,0.99803,0.99984,0.99997,0.0,0.00018,0.00014,0.99999,0.00016,5e-05,1e-05,0.0,0.99998,0.99979,0.0,0.0,0.99996,0.00066,0.0,0.99948,0.99997,0.99991,0.0,0.0,0.00055,0.0,0.9998,0.99955,0.99975,0.99961,2e-05,1.0,0.99631,0.99971,0.99993,0.9997,0.99983,0.99867,0.99997,0.99746,3e-05,0.99986,0.96768,0.99997,6e-05,0.99998,0.00097,0.99642,0.99934,0.0,1e-05,0.00012,0.99626,2e-05,0.99967,0.99882,0.99918,1e-05,0.99996,1e-05,0.99788,0.0,0.99998,0.0,0.9997,9e-05,1e-05,0.0,0.99984,0.99616,5e-05,1e-05,0.9998,0.00018,0.00338,0.99827,0.99934,0.99999,0.00011,1e-05,0.99856,0.03959,0.00012,0.0,0.97396,0.00254,0.99863,0.0,0.99956,0.0,4e-05,0.99504,0.99981,0.99567,0.99998,2e-05,2e-05,0.0,0.0,0.99813,0.0,0.0,1e-05,0.0,9e-05,0.0,0.99992,0.99999,0.99992,0.00015,1e-05,0.99999,0.0,0.00016,9e-05,0.99995,0.99997,0.99448,1e-05,0.99995,0.99991,0.99959,0.99995,0.99885,4e-05,0.99998,0.99773,0.99999,0.99979,1e-05,1e-05,0.00114,0.99696,0.0,0.99996,0.99993,0.99988,0.99997,0.0,0.0,0.9999,0.99958,1e-05,0.0,0.99972,0.99935,0.00022,0.00025,0.99767,0.99561,0.99985,0.0,0.0,0.0,0.9982,0.96858,0.0,0.99989,1e-05,0.00405,0.99996,0.9821,0.0,0.99989,0.9985,0.99975,0.99995,0.99475,0.0,0.99735,9e-05,0.99985,0.00075,1e-05,9e-05,0.99994,0.99956,0.99999,0.00037,0.0,2e-05,0.99981,0.0,0.99961,0.99992,0.00053,0.99954,0.9997,1e-05,0.99714,0.0003,0.99873,0.99972,0.99954,0.0001,0.99786,0.0,0.99997,0.0,3e-05,0.0,0.99845,0.99996,0.99995,0.99976,0.99998,0.0,0.99993,0.99506,0.99999,1.0,0.99271,0.99712,0.99993,5e-05,0.99988,0.99245,4e-05,0.0,0.99962,0.0,1e-05,0.99249,0.00035,0.99999,0.99985,0.00063,0.99997,0.0006,0.99993,0.99664,0.9955,0.00384,0.9998,0.99972,0.99687,7e-05,0.99804,0.99929,0.9983,0.0,0.99695,0.99983,0.99906,0.0,0.00307,0.99941,8e-05,0.0,0.99634,1e-05,0.0,0.99881,4e-05,0.99993,0.99999,9e-05,0.0,0.0,0.00066,0.0,0.99989,0.0,0.9995,0.00085,0.99997,0.99994,5e-05,0.99843,0.99991,7e-05,0.99999,1e-05,0.0,0.0,0.99395,1e-05,0.99946,0.99193,0.99984,0.99911,1e-05,0.0,0.0,0.00012,0.99965,0.0,0.9999,0.0,0.0,0.99954,3e-05,0.9999,5e-05,0.99977,0.0,0.00135,0.0,0.99994,0.99989,0.99897,0.99825,0.99773,0.99997,0.99933,0.99996,0.0,0.99981,0.99988,0.00324,0.99875,2e-05,0.99999,0.99973,0.99999,0.99309,0.99994,0.99995,0.99692,8e-05,8e-05,0.00017,0.99986,0.0,0.99888,0.99998,0.0,0.0,0.0003,0.99634,0.99976,1e-05,0.99989,1e-05,0.0,0.99992,0.00044,0.99992,0.99924,0.99999,0.99991,0.99998,0.00021,0.0001,0.99906,0.9999,0.99993,0.99976,0.99949,0.0,0.9997,0.99981,0.99982,0.99977,0.0,0.99561,0.99997,0.99998,2e-05,0.0,0.00013,2e-05,0.0,0.99916,0.99976,0.00011,0.00229,0.99993,0.99892,0.99998,0.99995,0.99999,0.99949,0.0,0.0,0.0,1e-05,0.99995,0.99981,1e-05,0.99989,0.99996,0.99986,2e-05,0.0,0.99997,0.99998,2e-05,0.0,0.9997,1e-05,0.00027,0.0,0.9996,0.99994,0.99549,1e-05,0.99928,0.99991,0.0,0.98524,0.99996,0.9996,0.00109,0.99978,0.00131,0.99999,0.00029,0.9996,0.99999,0.00084,2e-05,0.99989,0.99957,0.99988,0.99999,1e-05,0.00073,0.00023,0.00145,0.00133,1e-05,0.99968,0.99984,1e-05,0.0,0.99795,0.99946,3e-05,0.99958,0.0,0.99951,0.9988,0.99988,0.99895,0.99961,4e-05,0.99969,0.99995,0.00012,0.00123,0.99974,0.99998,0.99949,0.99997,0.9999,0.99974,7e-05,0.99992,4e-05,0.99982,0.99928,0.99999,1e-05,0.07422,0.99923,0.99947,2e-05,0.99947,2e-05,0.99988,0.99989,0.99803,5e-05,0.99985,0.00011,0.99978,0.99981,1e-05,0.99965,0.00031,1e-05,0.9997,0.99996,0.99987,0.9994,3e-05,0.0,0.99946,0.9967,0.99879,0.0,0.99978,1e-05,3e-05,1e-05,0.9999,1e-05,0.0,0.0,0.00017,0.9997,0.00021,0.99832,5e-05,0.99714,0.99983,0.00051,0.99976,0.99993,0.0001,0.99998,2e-05,0.0,0.99878,0.0,0.99956,0.0,2e-05,0.99994,1e-05,1e-05,3e-05,6e-05,0.99381,0.99934,0.99996,2e-05,0.99919,7e-05,0.98659,0.0,0.99926,0.03207,0.99991,0.99965,0.00038,0.0,0.99995,0.99868,0.99917,0.0,0.99996,9e-05,0.00031,5e-05,0.99998,4e-05,0.00016,0.99892,0.99805,0.99897,0.99983,0.99947,5e-05,1e-05,0.99938,0.99993,0.99997,0.99932,0.01444,0.99547,0.99957,0.99572,0.99925,0.99976,0.99494,1e-05,0.99849,0.9995,0.99987,0.0,0.99889,0.0,0.99949,0.99998,0.0,2e-05,1e-05,0.99997,0.99969,1e-05,1e-05,0.0,0.99957,5e-05,0.99979,1e-05,1e-05,0.9999,4e-05,0.99999,1e-05,0.99974,2e-05,4e-05,0.0,0.99691,0.0,0.00048,0.00046,0.9999,0.0,0.99999,0.99958,1e-05,5e-05,0.00013,0.0,0.0,0.99999,0.0,0.98099,0.99987,7e-05,1e-05,0.99997,0.99984,4e-05,0.9991,0.99996,0.00751,0.99992,0.99763,0.99983,0.99944,2e-05],